index,name,ingredient,rumCategory,ingredientCategory,pageNum
1,AKU AKU,(1-INCH-SQUARE) CHUNKS PINEAPPLE ,,FRUIT (PINEAPPLE),39
2,AKU AKU,MINT LEAVES,,LEAVES (MINT),39
3,AKU AKU,LIME JUICE,,JUICE (LIME),39
4,AKU AKU,DEMERARA SYRUP,,SYRUP (DEMERARA),39
5,AKU AKU,"PEACH LIQUEUR (SUCH AS MATHILDE, COMBIER, OR GIFFARD)",,LIQUEUR (PEACH),39
6,AKU AKU,BLENDED LIGHTLY AGED RUM,2,RUM (BLENDED LIGHTLY AGED),39
7,,,,,
8,PUPULE,LIME JUICE,,JUICE (LIME),39
9,PUPULE,ORANGE JUICE,,JUICE (ORANGE),39
10,PUPULE,CINNAMON SYRUP,,SYRUP (CINNAMON),39
11,PUPULE,VANILLA SYRUP,,SYRUP (VANILLA),39
12,PUPULE,ST. ELIZABETH ALLSPICE DRAM,,LIQUEUR (ALLSPICE DRAM),39
13,PUPULE,COLUMN STILL AGED RUM,4,RUM (COLUMN STILL AGED),39
14,PUPULE,ANGOSTURA BITTERS,,BITTERS (AROMATIC),39
15,,,,,
16,DON'S OWN GROG,LIME JUICE,,JUICE (LIME),40
17,DON'S OWN GROG,DEMERARA SYRUP,,SYRUP (DEMERARA),40
18,DON'S OWN GROG,GRENADINE,,SYRUP (GRENADINE),40
19,DON'S OWN GROG,LEOPOLD BROTHERS ROCKY MOUNTAIN BLACKBERRY LIQUEUR,,LIQUEUR (BLACKBERRY),40
20,DON'S OWN GROG,BLENDED AGED RUM,3,RUM (BLENDED AGED),40
21,DON'S OWN GROG,BLENDED LIGHTLY AGED RUM,2,RUM (BLENDED LIGHTLY AGED),40
22,DON'S OWN GROG,BLACK BLENDED RUM,5,RUM (BLACK BLENDED),40
23,DON'S OWN GROG,ANGOSTURA BITTERS,,BITTERS (AROMATIC),40
24,,,,,
25,PORT AU PRINCE,LIME JUICE,,JUICE (LIME),40
26,PORT AU PRINCE,PINEAPPLE JUICE,,JUICE (PINEAPPLE),40
27,PORT AU PRINCE,DEMERARA SYRUP,,SYRUP (DEMERARA),40
28,PORT AU PRINCE,GRENADINE,,SYRUP (GRENADINE),40
29,PORT AU PRINCE,JOHN D. TAYLOR'S VELVET FALERNUM,,LIQUEUR (FALERNUM),40
30,PORT AU PRINCE,CANE COFFEY STILL AGED RUM,,RUM (CANE COFFEY STILL AGED),40
31,PORT AU PRINCE,ANGOSTURA BITTERS,,BITTERS (AROMATIC),40
32,,,,,
33,TREE DOTS AND A DASH,LIME JUICE,,JUICE (LIME),43
34,TREE DOTS AND A DASH,ORANGE JUICE,,JUICE (ORANGE),43
35,TREE DOTS AND A DASH,HONEY SYRUP,,SYRUP (HONEY),43
36,TREE DOTS AND A DASH,JOHN D. TAYLOR'S VELVET FALERNUM,,LIQUEUR (FALERNUM),43
37,TREE DOTS AND A DASH,ST. ELIZABETH ALLSPICE DRAM,,LIQUEUR (ALLSPICE DRAM),43
38,TREE DOTS AND A DASH,CANE AOC MARTINIQUE RHUM AGRICOLE VIEUX,8,RUM (CANE AOC MARTINIQUE RHUM AGRICOLE VIEUX),43
39,TREE DOTS AND A DASH,BLENDED AGED RUM,3,RUM (BLENDED AGED),43
40,TREE DOTS AND A DASH,ANGOSTURA BITTERS,,BITTERS (AROMATIC),43
41,,,,,
42,MEXICAN EL DIABLO,LIME WEDGE,,FRUIT (LIME),43
43,MEXICAN EL DIABLO,LIME JUICE,,JUICE (LIME),43
44,MEXICAN EL DIABLO,CRÈME DE CASSIS,,LIQUEUR (CRÈME DE CASSIS),43
45,MEXICAN EL DIABLO,TEQUILA BLANCO,,TEQUILA (BLANCO),43
46,MEXICAN EL DIABLO,GINGER ALE,,SODA (GINGER),43
47,,,,,
48,PORT LIGHT,EGG WHITE,,EGG (WHITE),44
49,PORT LIGHT,BOURBON,,WHISKEY (BOURBON),44
50,PORT LIGHT,LEMON JUICE,,JUICE (LEMON),44
51,PORT LIGHT,HONEY SYRUP,,SYRUP (HONEY),44
52,PORT LIGHT,PASSION FRUIT SYRUP,,SYRUP (PASSION FRUIT),44
53,,,,,
54,DEMERARA DRY FLOAT,BLACK BLENDED OVERPROOF RUM,6,RUM (BLACK BLENDED OVERPROOF),44
55,DEMERARA DRY FLOAT,LIME JUICE,,JUICE (LIME),44
56,DEMERARA DRY FLOAT,LEMON JUICE,,JUICE (LEMON),44
57,DEMERARA DRY FLOAT,PASSION FRUIT SYRUP,,SYRUP (PASSION FRUIT),44
58,DEMERARA DRY FLOAT,DEMERARA SYRUP,,SYRUP (DEMERARA),44
59,DEMERARA DRY FLOAT,LUXARDO MARASCHINO LIQUEUR,,LIQUEUR (MARASCHINO),44
60,DEMERARA DRY FLOAT,BLENDED AGED RUM,3,RUM (BLENDED AGED),44
61,,,,,
62,JET PILOT,LIME JUICE,,JUICE (LIME),61
63,JET PILOT,GRAPEFRUIT JUICE,,JUICE (GRAPEFRUIT),61
64,JET PILOT,CINNAMON SYRUP,,SYRUP (CINNAMON),61
65,JET PILOT,JOHN D. TAYLOR'S VELVET FALERNUM,,LIQUEUR (FALERNUM),61
66,JET PILOT,BLACK BLENDED RUM,5,RUM (BLACK BLENDED),61
67,JET PILOT,BLENDED AGED RUM,3,RUM (BLENDED AGED),61
68,JET PILOT,BLACK BLENDED OVERPROOF RUM,6,RUM (BLACK BLENDED OVERPROOF),61
69,JET PILOT,HERBSTURA,,BITTERS (HERBSTURA),61
70,,,,,
71,HALEKULANI COCKTAIL,LEMON JUICE,,JUICE (LEMON),61
72,HALEKULANI COCKTAIL,ORANGE JUICE,,JUICE (ORANGE),61
73,HALEKULANI COCKTAIL,PINEAPPLE JUICE,,JUICE (PINEAPPLE),61
74,HALEKULANI COCKTAIL,DEMERARA SYRUP,,SYRUP (DEMERARA),61
75,HALEKULANI COCKTAIL,GRENADINE,,SYRUP (GRENADINE),61
76,HALEKULANI COCKTAIL,BOURBON,,WHISKEY (BOURBON),61
77,HALEKULANI COCKTAIL,ANGOSTURA BITTERS,,BITTERS (AROMATIC),61
78,,,,,
79,SIDEWINDER'S FANG,SIDEWINDER'S FANG PEEL,,GARNISH (SIDEWINDER'S FANG PEEL),62
80,SIDEWINDER'S FANG,LIME JUICE,,JUICE (LIME),62
81,SIDEWINDER'S FANG,ORANGE JUICE,,JUICE (ORANGE),62
82,SIDEWINDER'S FANG,PASSION FRUIT SYRUP,,SYRUP (PASSION FRUIT),62
83,SIDEWINDER'S FANG,SELTZER,,SODA,62
84,SIDEWINDER'S FANG,BLENDED AGED RUM,3,RUM (BLENDED AGED),62
85,SIDEWINDER'S FANG,BLACK BLENDED RUM,5,RUM (BLACK BLENDED),62
86,,,,,
87,HAWAIIN SUNSET,LIME JUICE,,JUICE (LIME),62
88,HAWAIIN SUNSET,LEMON JUICE,,JUICE (LEMON),62
89,HAWAIIN SUNSET,ORGEAT,,SYRUP (ALMOND),62
90,HAWAIIN SUNSET,GRENADINE,,SYRUP (GRENADINE),62
91,HAWAIIN SUNSET,VODKA,,VODKA,62
92,,,,,
93,CAPTAIN'S GROG,LIME JUICE,,JUICE (LIME),65
94,CAPTAIN'S GROG,GRAPEFRUIT JUICE,,JUICE (GRAPEFRUIT),65
95,CAPTAIN'S GROG,MAPLE SYRUP,,SYRUP (MAPLE),65
96,CAPTAIN'S GROG,VANILLA EXTRACT,,EXTRACT (VANILLA),65
97,CAPTAIN'S GROG,ALMOND EXTRACT,,EXTRACT (ALMOND),65
98,CAPTAIN'S GROG,SELTZER,,SODA,65
99,CAPTAIN'S GROG,JOHN D. TAYLOR'S VELVET FALERNUM,,LIQUEUR (FALERNUM),65
100,CAPTAIN'S GROG,PIERRE FERRAND DRY CURACAO,,LIQUEUR (ORANGE),65
101,CAPTAIN'S GROG,BLACK BLENDED RUM,5,RUM (BLACK BLENDED),65
102,CAPTAIN'S GROG,BLENDED LIGHTLY AGED RUM,2,RUM (BLENDED LIGHTLY AGED),65
103,CAPTAIN'S GROG,BLENDED AGED RUM,3,RUM (BLENDED AGED),65
104,,,,,
105,SUFFERING BASTARD,GINGER BEER,,BEER (GINGER),65
106,SUFFERING BASTARD,LIME JUICE,,JUICE (LIME),65
107,SUFFERING BASTARD,DEMERARA SYRUP,,SYRUP (DEMERARA),65
108,SUFFERING BASTARD,LONDON DRY GIN,,GIN (LONDON DRY),65
109,SUFFERING BASTARD,BRANDY,,BRANDY (GRAPE),65
110,SUFFERING BASTARD,ANGOSTURA BITTERS,,BITTERS (AROMATIC),65
111,,,,,
112,MERCILESS VIRGIN,LEMON JUICE,,JUICE (LEMON),67
113,MERCILESS VIRGIN,SELTZER,,SODA,67
114,MERCILESS VIRGIN,CHERRY HEERING LIQUEUR,,LIQUEUR (CHERRY HEERING),67
115,MERCILESS VIRGIN,JOHN D. TAYLOR'S VELVET FALERNUM,,LIQUEUR (FALERNUM),67
116,MERCILESS VIRGIN,PIERRE FERRAND DRY CURACAO,,LIQUEUR (ORANGE),67
117,MERCILESS VIRGIN,BLENDED LIGHTLY AGED RUM,2,RUM (BLENDED LIGHTLY AGED),67
118,,,,,
119,SATURN,LEMON JUICE,,JUICE (LEMON),67
120,SATURN,PASSION FRUIT SYRUP,,SYRUP (PASSION FRUIT),67
121,SATURN,ORGEAT,,SYRUP (ALMOND),67
122,SATURN,JOHN D. TAYLOR'S VELVET FALERNUM,,LIQUEUR (FALERNUM),67
123,SATURN,LONDON DRY GIN,,GIN (LONDON DRY),67
124,,,,,
125,TIKI BOWL,ORANGE JUICE,,JUICE (ORANGE),68
126,TIKI BOWL,LIME JUICE,,JUICE (LIME),68
127,TIKI BOWL,HONEY SYRUP,,SYRUP (HONEY),68
128,TIKI BOWL,BLACK BLENDED RUM,5,RUM (BLACK BLENDED),68
129,TIKI BOWL,BLACK BLENDED OVERPROOF RUM,6,RUM (BLACK BLENDED OVERPROOF),68
130,TIKI BOWL,COLUMN STILL AGED RUM,4,RUM (COLUMN STILL AGED),68
131,TIKI BOWL,HERBSTURA,,BITTERS (HERBSTURA),68
132,,,,,
133,HURRICANE,LEMON JUICE,,JUICE (LEMON),68
134,HURRICANE,PASSION FRUIT SYRUP,,SYRUP (PASSION FRUIT),68
135,HURRICANE,BLACK BLENDED RUM,5,RUM (BLACK BLENDED),68
136,,,,,
137,MUNDO PERDIDO,LEMON JUICE,,JUICE (LEMON),93
138,MUNDO PERDIDO,CINNAMON SYRUP,,SYRUP (CINNAMON),93
139,MUNDO PERDIDO,DEMERARA SYRUP,,SYRUP (DEMERARA),93
140,MUNDO PERDIDO,APPLE BRANDY,,BRANDY (APPLE),93
141,MUNDO PERDIDO,BLACK BLENDED RUM,5,RUM (BLACK BLENDED),93
142,,,,,
143,FORMIDABLE DRAGON,LEMON JUICE,,JUICE (LEMON),93
144,FORMIDABLE DRAGON,LIME JUICE,,JUICE (LIME),93
145,FORMIDABLE DRAGON,HONEY SYRUP,,SYRUP (HONEY),93
146,FORMIDABLE DRAGON,MOLASSES SYRUP,,SYRUP (MOLASSES),93
147,FORMIDABLE DRAGON,AMARO DI ANGOSTURA,,AMARO (DI ANGOSTURA),93
148,FORMIDABLE DRAGON,BLENDED AGED RUM,3,RUM (BLENDED AGED),93
149,FORMIDABLE DRAGON,BLACK BLENDED RUM,5,RUM (BLACK BLENDED),93
150,FORMIDABLE DRAGON,POT STILL LIGHTLY AGED RUM (OVERPROOF),1,POT STILL LIGHTLY AGED RUM (OVERPROOF),93
151,FORMIDABLE DRAGON,SELTZER,,SODA,93
152,,,,,
153,LEI LANI VOLCANO 2.0,BUNDABERG GUAVA SODA,,SODA (GUAVA),94
154,LEI LANI VOLCANO 2.0,PINEAPPLE JUICE,,JUICE (PINEAPPLE),94
155,LEI LANI VOLCANO 2.0,LIME JUICE,,JUICE (LIME),94
156,LEI LANI VOLCANO 2.0,COCONUT CREAM,,CREAM (COCONUT),94
157,LEI LANI VOLCANO 2.0,BLENDED AGED RUM,3,RUM (BLENDED AGED),94
158,,,,,
159,TRADEWINDS,LEMON JUICE,,JUICE (LEMON),94
160,TRADEWINDS,COCONUT CREAM,,CREAM (COCONUT),94
161,TRADEWINDS,APRICOT LIQUEUR (SUCH AS ROTHMAN & WINTER APRICOT LIQUEUR OR GIFFARD ABRICOT DU ROUSSILLON),,LIQUEUR (APRICOT),94
162,TRADEWINDS,BLACK BLENDED RUM,5,RUM (BLACK BLENDED),94
163,TRADEWINDS,BLENDED LIGHTLY AGED RUM,2,RUM (BLENDED LIGHTLY AGED),94
164,,,,,
165,PEACHTREE PUNCH 2.0,"YELLOW OR WHITE PEACH, PITTED, AND COARSELY CHOPPED INTO CHUNKS (WITH SKIN)",,FRUIT (PEACH),96
166,PEACHTREE PUNCH 2.0,ORANGE JUICE,,JUICE (ORANGE),96
167,PEACHTREE PUNCH 2.0,LEMON JUICE,,JUICE (LEMON),96
168,PEACHTREE PUNCH 2.0,COCONUT CREAM,,CREAM (COCONUT),96
169,PEACHTREE PUNCH 2.0,PEACH LIQUEUR (SUCH AS MATHILDE PEACH OR COMBIER CRÈME DE PÊCHE DE VIGNE),,LIQUEUR (PEACH),96
170,PEACHTREE PUNCH 2.0,BLENDED LIGHTLY AGED RUM,2,RUM (BLENDED LIGHTLY AGED),96
171,PEACHTREE PUNCH 2.0,SELTZER,,SODA,96
172,,,,,
173,JUNGLE BIRD,PINEAPPLE JUICE,,JUICE (PINEAPPLE),96
174,JUNGLE BIRD,LIME JUICE,,JUICE (LIME),96
175,JUNGLE BIRD,DEMERARA SYRUP,,SYRUP (DEMERARA),96
176,JUNGLE BIRD,CAMPARI,,AMARO (CAMPARI),96
177,JUNGLE BIRD,BLACK BLENDED RUM,5,RUM (BLACK BLENDED),96
178,,,,,
179,GOLDEN GUN,LIME JUICE,,JUICE (LIME),97
180,GOLDEN GUN,GRAPEFRUIT JUICE,,JUICE (GRAPEFRUIT),97
181,GOLDEN GUN,DEMERARA SYRUP,,SYRUP (DEMERARA),97
182,GOLDEN GUN,APRICOT LIQUEUR (SUCH AS ROTHMAN & WINTER APRICOT LIQUEUR OR GIFFARD ABRICOT DU ROUSSILLON),,LIQUEUR (APRICOT),97
183,GOLDEN GUN,BLENDED AGED RUM,3,RUM (BLENDED AGED),97
184,GOLDEN GUN,BLENDED LIGHTLY AGED RUM,2,RUM (BLENDED LIGHTLY AGED),97
185,GOLDEN GUN,ANGOSTURA BITTERS,,BITTERS (AROMATIC),97
186,,,,,
187,HINKY DINKS FIZZY,SPARKLING WINE,,WINE (SPARKLING),97
188,HINKY DINKS FIZZY,PINEAPPLE JUICE,,JUICE (PINEAPPLE),97
189,HINKY DINKS FIZZY,LIME JUICE,,JUICE (LIME),97
190,HINKY DINKS FIZZY,PASSION FRUIT SYRUP,,SYRUP (PASSION FRUIT),97
191,HINKY DINKS FIZZY,APRICOT LIQUEUR (SUCH AS ROTHMAN & WINTER APRICOT LIQUEUR OR GIFFARD ABRICOT DU ROUSSILLON),,LIQUEUR (APRICOT),97
192,HINKY DINKS FIZZY,LONDON DRY GIN,,GIN (LONDON DRY),97
193,HINKY DINKS FIZZY,BLENDED LIGHTLY AGED RUM,2,RUM (BLENDED LIGHTLY AGED),97
194,,,,,
195,PAMPANITO,LEMON JUICE,,JUICE (LEMON),115
196,PAMPANITO,MOLASSES SYRUP,,SYRUP (MOLASSES),115
197,PAMPANITO,SELTZER,,SODA,115
198,PAMPANITO,ST. ELIZABETH ALLSPICE DRAM,,LIQUEUR (ALLSPICE DRAM),115
199,PAMPANITO,BLACK BLENDED RUM,5,RUM (BLACK BLENDED),115
200,PAMPANITO,ANGOSTURA BITTERS,,BITTERS (AROMATIC),115
201,,,,,
202,MAX'S MISTAKE,LEMON JUICE,,JUICE (LEMON),115
203,MAX'S MISTAKE,PASSION FRUIT SYRUP,,SYRUP (PASSION FRUIT),115
204,MAX'S MISTAKE,HONEY SYRUP,,SYRUP (HONEY),115
205,MAX'S MISTAKE,LONDON DRY GIN,,GIN (LONDON DRY),115
206,MAX'S MISTAKE,ANGOSTURA BITTERS,,BITTERS (AROMATIC),115
207,MAX'S MISTAKE,FENTIMANS VICTORIAN LEMONADE (OR ANY QUALITY DRY SPARKLING LEMONADE),,SPARKLING LEMONADE,115
208,,,,,
209,LA GUILDIVE,GINGER BEER,,BEER (GINGER),116
210,LA GUILDIVE,LIME JUICE,,JUICE (LIME),116
211,LA GUILDIVE,LICOR 43,,LIQUEUR (LICOR 43),116
212,LA GUILDIVE,PEACH LIQUEUR (SUCH AS MATHILDE PEACH OR COMBIER CRÈME DE PÊCHE DE VIGNE),,LIQUEUR (PEACH),116
213,LA GUILDIVE,BLENDED AGED RUM,3,RUM (BLENDED AGED),116
214,LA GUILDIVE,GRATED CINNAMON,,SPICE (CINNAMON),116
215,,,,,
216,THE TWENTY SEVENTY SWIZZLE,LIME JUICE,,JUICE (LIME),116
217,THE TWENTY SEVENTY SWIZZLE,DEMERARA SYRUP,,SYRUP (DEMERARA),116
218,THE TWENTY SEVENTY SWIZZLE,HONEY SYRUP,,SYRUP (HONEY),116
219,THE TWENTY SEVENTY SWIZZLE,ST. ELIZABETH ALLSPICE DRAM,,LIQUEUR (ALLSPICE DRAM),116
220,THE TWENTY SEVENTY SWIZZLE,COLUMN STILL AGED RUM,4,RUM (COLUMN STILL AGED),116
221,THE TWENTY SEVENTY SWIZZLE,BLACK BLENDED OVERPROOF RUM,6,RUM (BLACK BLENDED OVERPROOF),116
222,THE TWENTY SEVENTY SWIZZLE,HERBSTURA,,BITTERS (HERBSTURA),116
223,THE TWENTY SEVENTY SWIZZLE,GRATED NUTMEG,,SPICE (NUTMEG),116
224,,,,,
225,SHUDDERS IN A WHISPER,LIME JUICE,,JUICE (LIME),118
226,SHUDDERS IN A WHISPER,PASSION FRUIT SYRUP,,SYRUP (PASSION FRUIT),118
227,SHUDDERS IN A WHISPER,PEAR LIQUEUR (SUCH AS MATHILDE POIRE),,LIQUEUR (PEAR),118
228,SHUDDERS IN A WHISPER,DRAMBUIE LIQUEUR,,LIQUEUR (DRAMBUIE),118
229,SHUDDERS IN A WHISPER,SELTZER,,SODA,118
230,SHUDDERS IN A WHISPER,COLUMN STILL AGED RUM,4,RUM (COLUMN STILL AGED),118
231,SHUDDERS IN A WHISPER,PEYCHAUD'S BITTERS,,BITTERS (CREOLE),118
232,SHUDDERS IN A WHISPER,ANGOSTURA BITTERS,,BITTERS (AROMATIC),118
233,,,,,
234,CUEVAS,CINNAMON SYRUP,,SYRUP (CINNAMON),118
235,CUEVAS,PUNT E MES,,VERMOUTH (SWEET),118
236,CUEVAS,TAWNY PORT,,PORT (TAWNY),118
237,CUEVAS,BLENDED AGED RUM,3,RUM (BLENDED AGED),118
238,CUEVAS,BITTERMENS 'ELEMAKULE TIKI BITTERS,,BITTERS (TIKI),118
239,,,,,
240,NORWEGIAN PARALYSIS,ORANGE JUICE,,JUICE (ORANGE),119
241,NORWEGIAN PARALYSIS,PINEAPPLE JUICE,,JUICE (PINEAPPLE),119
242,NORWEGIAN PARALYSIS,LEMON JUICE,,JUICE (LEMON),119
243,NORWEGIAN PARALYSIS,DEMERARA SYRUP,,SYRUP (DEMERARA),119
244,NORWEGIAN PARALYSIS,ORGEAT,,SYRUP (ALMOND),119
245,NORWEGIAN PARALYSIS,AQUAVIT,,AQUAVIT,119
246,,,,,
247,JUAN HO ROYALE,CHAMPAGNE OR SPARKLING WINE,,WINE (SPARKLING),119
248,JUAN HO ROYALE,LIME JUICE,,JUICE (LIME),119
249,JUAN HO ROYALE,ORGEAT,,SYRUP (ALMOND),119
250,JUAN HO ROYALE,BLUE CURACAO,,LIQUEUR (ORANGE BLUE),119
251,JUAN HO ROYALE,JOHN D. TAYLOR'S VELVET FALERNUM,,LIQUEUR (FALERNUM),119
252,JUAN HO ROYALE,TEQUILA BLANCO,,TEQUILA (BLANCO),119
253,,,,,
254,CHARTREUSE SWIZZLE,PINEAPPLE JUICE,,JUICE (PINEAPPLE),120
255,CHARTREUSE SWIZZLE,LIME JUICE,,JUICE (LIME),120
256,CHARTREUSE SWIZZLE,JOHN D. TAYLOR'S VELVET FALERNUM,,LIQUEUR (FALERNUM),120
257,CHARTREUSE SWIZZLE,GREEN CHARTREUSE,,LIQUEUR (CHARTREUSE GREEN),120
258,,,,,
259,ROSELITA,SELTZER,,SODA,120
260,ROSELITA,LIME JUICE,,JUICE (LIME),120
261,ROSELITA,ORGEAT,,SYRUP (ALMOND),120
262,ROSELITA,HIBISCUS LIQUEUR,,LIQUEUR (HIBISCUS),120
263,ROSELITA,PEAR LIQUEUR (SUCH AS MATHILDE POIRE),,LIQUEUR (PEAR),120
264,ROSELITA,COLUMN STILL AGED RUM,4,RUM (COLUMN STILL AGED),120
265,ROSELITA,PEYCHAUD'S BITTERS,,BITTERS (CREOLE),120
266,,,,,
267,CENTER OF THE GALAXY,LIME JUICE,,JUICE (LIME),121
268,CENTER OF THE GALAXY,DEMERARA SYRUP,,SYRUP (DEMERARA),121
269,CENTER OF THE GALAXY,HONEY SYRUP,,SYRUP (HONEY),121
270,CENTER OF THE GALAXY,ST. GEORGE RASPBERRY LIQUEUR,,LIQUEUR (RASPBERRY),121
271,CENTER OF THE GALAXY,BLENDED AGED RUM,3,RUM (BLENDED AGED),121
272,CENTER OF THE GALAXY,GROUND CINNAMON,,SPICE (CINNAMON),121
273,,,,,
274,CALLALOO COOLER,SELTZER,,SODA,121
275,CALLALOO COOLER,LIME JUICE,,JUICE (LIME),121
276,CALLALOO COOLER,CINNAMON SYRUP,,SYRUP (CINNAMON),121
277,CALLALOO COOLER,CHERRY HEERING LIQUEUR,,LIQUEUR (CHERRY HEERING),121
278,CALLALOO COOLER,BLENDED LIGHTLY AGED RUM,2,RUM (BLENDED LIGHTLY AGED),121
279,CALLALOO COOLER,ANGOSTURA BITTERS,,BITTERS (AROMATIC),121
280,,,,,
281,TOP NOTCH VOLCANO,LIME JUICE,,JUICE (LIME),134
282,TOP NOTCH VOLCANO,PINEAPPLE JUICE,,JUICE (PINEAPPLE),134
283,TOP NOTCH VOLCANO,PASSION FRUIT PUREE,,PUREE (PASSION FRUIT),134
284,TOP NOTCH VOLCANO,DEMERARA SYRUP,,SYRUP (DEMERARA),134
285,TOP NOTCH VOLCANO,LUXARDO MARASCHINO LIQUEUR,,LIQUEUR (MARASCHINO),134
286,TOP NOTCH VOLCANO,BLENDED LIGHTLY AGED RUM,2,RUM (BLENDED LIGHTLY AGED),134
287,TOP NOTCH VOLCANO,BLENDED AGED RUM,3,RUM (BLENDED AGED),134
288,,,,,
289,THE NAKED APE,LEMON JUICE,,JUICE (LEMON),134
290,THE NAKED APE,CINNAMON SYRUP,,SYRUP (CINNAMON),134
291,THE NAKED APE,GIFFARD BANANE DU BRÉSIL BANANA LIQUEUR,,BANANA LIQUEUR,134
292,THE NAKED APE,BLACK BLENDED RUM,5,RUM (BLACK BLENDED),134
293,THE NAKED APE,POT STILL LIGHTLY AGED RUM (OVERPROOF),1,POT STILL LIGHTLY AGED RUM (OVERPROOF),134
294,THE NAKED APE,ANGOSTURA BITTERS,,BITTERS (AROMATIC),134
295,,,,,
296,SWIZZLE FRANÇAIS,LIME JUICE,,JUICE (LIME),136
297,SWIZZLE FRANÇAIS,MARTINIQUE SUGARCANE SYRUP,,SYRUP (MARTINIQUE SUGARCANE),136
298,SWIZZLE FRANÇAIS,ST. ELIZABETH ALLSPICE DRAM,,LIQUEUR (ALLSPICE DRAM),136
299,SWIZZLE FRANÇAIS,CANE AOC MARTINIQUE RHUM AGRICOLE VIEUX,8,RUM (CANE AOC MARTINIQUE RHUM AGRICOLE VIEUX),136
300,SWIZZLE FRANÇAIS,GROUND CINNAMON,,SPICE (NUTMEG),136
301,,,,,
302,SPARKLING MAI TAI,LIME JUICE,,JUICE (LIME),136
303,SPARKLING MAI TAI,ORGEAT,,SYRUP (ALMOND),136
304,SPARKLING MAI TAI,PIERRE FERRAND DRY CURACAO,,LIQUEUR (ORANGE),136
305,SPARKLING MAI TAI,BLACK BLENDED OVERPROOF RUM,6,RUM (BLACK BLENDED OVERPROOF),136
306,SPARKLING MAI TAI,BLENDED AGED RUM,3,RUM (BLENDED AGED),136
307,SPARKLING MAI TAI,SPARKLING WINE,,WINE (SPARKLING),136
308,,,,,
309,THE ERNESTO,TING GRAPEFRUIT SODA,,SODA (GRAPEFRUIT),137
310,THE ERNESTO,LIME JUICE,,JUICE (LIME),137
311,THE ERNESTO,HONEY SYRUP,,SYRUP (HONEY),137
312,THE ERNESTO,APRICOT LIQUEUR (SUCH AS ROTHMAN & WINTER APRICOT LIQUEUR OR GIFFARD ABRICOT DU ROUSSILLON),,LIQUEUR (APRICOT),137
313,THE ERNESTO,TEQUILA BLANCO,,TEQUILA (BLANCO),137
314,THE ERNESTO,HERBSTURA,,BITTERS (HERBSTURA),137
315,,,,,
316,THE SEXPERT,LEMON JUICE,,JUICE (LEMON),137
317,THE SEXPERT,PASSION FRUIT SYRUP,,SYRUP (PASSION FRUIT),137
318,THE SEXPERT,JOHN D. TAYLOR'S VELVET FALERNUM,,LIQUEUR (FALERNUM),137
319,THE SEXPERT,PERUVIAN PISCO,,BRANDY (PISCO),137
320,THE SEXPERT,GIN,,GIN,137
321,THE SEXPERT,BITTERMENS BURLESQUE BITTERS,,BITTERS (BITTERMENS BURLESQUE),137
322,,,,,
323,SMUGGLER'S RUM BARREL,LIME JUICE,,JUICE (LIME),139
324,SMUGGLER'S RUM BARREL,PINEAPPLE JUICE,,JUICE (PINEAPPLE),139
325,SMUGGLER'S RUM BARREL,SECRET,,SECRET,139
326,SMUGGLER'S RUM BARREL,SECRET,,SECRET,139
327,SMUGGLER'S RUM BARREL,BLACK BLENDED OVERPROOF RUM,6,RUM (BLACK BLENDED OVERPROOF),139
328,SMUGGLER'S RUM BARREL,ANGOSTURA BITTERS,,BITTERS (AROMATIC),139
329,,,,,
330,HANA REVIVER,LEMON JUICE,,JUICE (LEMON),139
331,HANA REVIVER,PASSION FRUIT SYRUP,,SYRUP (PASSION FRUIT),139
332,HANA REVIVER,LI HING MUI POWDER,,LI HING MUI POWDER,139
333,HANA REVIVER,SELTZER,,SODA,139
334,HANA REVIVER,MARASCHINO LIQUEUR,,LIQUEUR (MARASCHINO),139
335,HANA REVIVER,POT STILL UNAGED RUM,,RUM (POT STILL UNAGED),139
336,,,,,
337,KAITEUR SWIZZLE,LIME JUICE,,JUICE (LIME),140
338,KAITEUR SWIZZLE,MAPLE SYRUP,,SYRUP (MAPLE),140
339,KAITEUR SWIZZLE,JOHN D. TAYLOR'S VELVET FALERNUM,,LIQUEUR (FALERNUM),140
340,KAITEUR SWIZZLE,BLENDED AGED RUM (GUYANA),3,RUM (BLENDED AGED),140
341,KAITEUR SWIZZLE,ANGOSTURA BITTERS,,BITTERS (AROMATIC),140
342,,,,,
343,THE EXPEDITION,LIME JUICE,,JUICE (LIME),140
344,THE EXPEDITION,CINNAMON SYRUP,,SYRUP (CINNAMON),140
345,THE EXPEDITION,HONEY SYRUP,,SYRUP (HONEY),140
346,THE EXPEDITION,VANILLLA SYRUP,,SYRUP (VANILLA),140
347,THE EXPEDITION,SELTZER,,SODA,140
348,THE EXPEDITION,BITTERMENS NEW ORLEANS COFFEE LIQUEUR,,LIQUEUR (COFFEE),140
349,THE EXPEDITION,BLACK BLENDED RUM,5,RUM (BLACK BLENDED),140
350,THE EXPEDITION,BOURBON,,WHISKEY (BOURBON),140
351,,,,,
352,THE UNDEAD GENTLEMAN,ABSINTHE BLANC,,ABSINTHE (BLANC),142
353,THE UNDEAD GENTLEMAN,LIME JUICE,,JUICE (LIME),142
354,THE UNDEAD GENTLEMAN,GRAPEFRUIT JUICE (WHITE OR PINK),,JUICE (GRAPEFRUIT) (WHITE OR PINK),142
355,THE UNDEAD GENTLEMAN,CINNAMON SYRUP,,SYRUP (CINNAMON),142
356,THE UNDEAD GENTLEMAN,JOHN D. TAYLOR'S VELVET FALERNUM,,LIQUEUR (FALERNUM),142
357,THE UNDEAD GENTLEMAN,BLACK BLENDED OVERPROOF RUM,6,RUM (BLACK BLENDED OVERPROOF),142
358,THE UNDEAD GENTLEMAN,BLENDED AGED RUM,3,RUM (BLENDED AGED),142
359,THE UNDEAD GENTLEMAN,ANGOSTURA BITTERS,,BITTERS (AROMATIC),142
360,,,,,
361,THE DEAD RECKONING,SELTZER,,SODA,142
362,THE DEAD RECKONING,LEMON JUICE,,JUICE (LEMON),142
363,THE DEAD RECKONING,PINEAPPLE JUICE,,JUICE (PINEAPPLE),142
364,THE DEAD RECKONING,MAPLE SYRUP,,SYRUP (MAPLE),142
365,THE DEAD RECKONING,VANILLA BRANDY,,BRANDY (VANILLA),142
366,THE DEAD RECKONING,TAWNY PORT,,PORT (TAWNY),142
367,THE DEAD RECKONING,BLENDED AGED RUM,3,RUM (BLENDED AGED),142
368,THE DEAD RECKONING,ANGOSTURA BITTERS,,BITTERS (AROMATIC),142
369,,,,,
370,FALINUM,LEMON JUICE,,JUICE (LEMON),144
371,FALINUM,COCONUT CREAM,,CREAM (COCONUT),144
372,FALINUM,SELTZER,,SODA,144
373,FALINUM,JOHN D. TAYLOR'S VELVET FALERNUM,,LIQUEUR (FALERNUM),144
374,FALINUM,COLUMN STILL AGED RUM,4,RUM (COLUMN STILL AGED),144
375,FALINUM,ORANGE BITTERS,,BITTERS (ORANGE),144
376,,,,,
377,HUMUHUMUNUKUNUKUAPUA'A,LEMON JUICE,,JUICE (LEMON),144
378,HUMUHUMUNUKUNUKUAPUA'A,PINEAPPLE JUICE,,JUICE (PINEAPPLE),144
379,HUMUHUMUNUKUNUKUAPUA'A,ORGEAT,,SYRUP (ALMOND),144
380,HUMUHUMUNUKUNUKUAPUA'A,GIN,,GIN,144
381,HUMUHUMUNUKUNUKUAPUA'A,PEYCHAUD'S BITTERS,,BITTERS (CREOLE),144
382,,,,,
383,LAUWILIWILINUKUNUKU'OI'OI,LEMON JUICE,,JUICE (LEMON),144
384,LAUWILIWILINUKUNUKU'OI'OI,PINEAPPLE JUICE,,JUICE (PINEAPPLE),144
385,LAUWILIWILINUKUNUKU'OI'OI,ORGEAT,,SYRUP (ALMOND),144
386,LAUWILIWILINUKUNUKU'OI'OI,BLENDED AGED RUM,3,RUM (BLENDED AGED),144
387,LAUWILIWILINUKUNUKU'OI'OI,PEYCHAUD'S BITTERS,,BITTERS (CREOLE),144
388,,,,,
389,FINKELGROG,LIME JUICE,,JUICE (LIME),145
390,FINKELGROG,GRAPEFRUIT JUICE,,JUICE (GRAPEFRUIT),145
391,FINKELGROG,ORGEAT,,SYRUP (ALMOND),145
392,FINKELGROG,NAPA WINE SYRUP,,SYRUP (NAPA WINE),145
393,FINKELGROG,LICOR 43,,LIQUEUR (LICOR 43),145
394,FINKELGROG,BLENDED LIGHTLY AGED RUM,2,RUM (BLENDED LIGHTLY AGED),145
395,FINKELGROG,BLACK BLENDED RUM,5,RUM (BLACK BLENDED),145
396,FINKELGROG,SELTZER,,SODA,145
397,FINKELGROG,GROUND CINNAMON,,SPICE (CINNAMON),145
398,,,,,
399,FOR PETE'S SAKE,LIME JUICE,,JUICE (LIME),145
400,FOR PETE'S SAKE,DEMERARA SYRUP,,SYRUP (DEMERARA),145
401,FOR PETE'S SAKE,HIBISCUS LIQUEUR,,LIQUEUR (HIBISCUS),145
402,FOR PETE'S SAKE,CHERRY HEERING LIQUEUR,,LIQUEUR (CHERRY HEERING),145
403,FOR PETE'S SAKE,PERUVIAN PISCO,,BRANDY (PISCO),145
404,FOR PETE'S SAKE,ANGOSTURA BITTERS,,BITTERS (AROMATIC),145
405,,,,,
406,ARRACK PUNCH,LEMON JUICE,,JUICE (LEMON),163
407,ARRACK PUNCH,LIME JUICE,,JUICE (LIME),163
408,ARRACK PUNCH,DEMERARA SYRUP,,SYRUP (DEMERARA),163
409,ARRACK PUNCH,BATAVIA ARRACK,,BATAVIA ARRACK,163
410,ARRACK PUNCH,POT STILL LIGHTLY AGED RUM (OVERPROOF),1,POT STILL LIGHTLY AGED RUM (OVERPROOF),163
411,ARRACK PUNCH,CABONATED CHAI TEA,,CABONATED CHAI TEA,163
412,,,,,
413,EL DRAQUE,MINT LEAVES,,LEAVES (MINT),163
414,EL DRAQUE,DEMERARA SYRUP,,SYRUP (DEMERARA),163
415,EL DRAQUE,LIME JUICE,,JUICE (LIME),163
416,EL DRAQUE,POT STILL AGED CACHAÇA,,CACHAÇA,163
417,,,,,
418,GROG,LIME JUICE,,JUICE (LIME),165
419,GROG,DEMERARA SYRUP,,SYRUP (DEMERARA),165
420,GROG,RUM,,RUM,165
421,,,,,
422,RUM FLIP,MEDIUM EGG,,EGG MEDIUM,165
423,RUM FLIP,DEMERARA SYRUP,,SYRUP (DEMERARA),165
424,RUM FLIP,BLENDED AGED RUM,3,RUM (BLENDED AGED),165
425,,,,,
426,BOMBO,DEMERARA SYRUP,,SYRUP (DEMERARA),167
427,BOMBO,BLENDED AGED RUM,3,RUM (BLENDED AGED),167
428,,,,,
429,CALIBOGUS,SELTZER,,SODA,167
430,CALIBOGUS,LIME JUICE,,JUICE (LIME),167
431,CALIBOGUS,MOLASSES SYRUP,,SYRUP (MOLASSES),167
432,CALIBOGUS,SPRUCE BEER SODA EXTRACT,,EXTRACT (SPRUCE BEER SODA),167
433,CALIBOGUS,ZIRBENZ STONE PINE LIQUEUR,,LIQUEUR (PINE),167
434,CALIBOGUS,BLENDED AGED RUM,3,RUM (BLENDED AGED),167
435,,,,,
436,MARY PICKFORD,PINEAPPLE JUICE,,JUICE (PINEAPPLE),168
437,MARY PICKFORD,GRENADINE,,SYRUP (GRENADINE),168
438,MARY PICKFORD,LUXARDO MARASCHINO LIQUEUR,,LIQUEUR (MARASCHINO),168
439,MARY PICKFORD,BLENDED LIGHTLY AGED RUM,2,RUM (BLENDED LIGHTLY AGED),168
440,,,,,
441,DAIQUIRI NO. 1,LIME JUICE,,JUICE (LIME),168
442,DAIQUIRI NO. 1,DEMERARA SYRUP,,SYRUP (DEMERARA),168
443,DAIQUIRI NO. 1,BLENDED LIGHTLY AGED RUM,2,RUM (BLENDED LIGHTLY AGED),168
444,,,,,
445,HOTEL NACIONAL SPECIAL,(1-INCH-SQUARE) PINEAPPLE CHUNKS,,FRUIT (PINEAPPLE),171
446,HOTEL NACIONAL SPECIAL ,LIME JUICE,,JUICE (LIME),171
447,HOTEL NACIONAL SPECIAL,DEMERARA SYRUP,,SYRUP (DEMERARA),171
448,HOTEL NACIONAL SPECIAL,APRICOT LIQUEUR (SUCH AS ROTHMAN & WINTER APRICOT LIQUEUR OR GIFFARD ABRICOT DU ROUSSILLON),,LIQUEUR (APRICOT) ,171
449,HOTEL NACIONAL SPECIAL,BLENDED LIGHTLY AGED RUM,2,RUM (BLENDED LIGHTLY AGED),171
450,,,,,
451,DAISY DE SANTIAGO,LIME JUICE,,JUICE (LIME),171
452,DAISY DE SANTIAGO,DEMERARA SYRUP,,SYRUP (DEMERARA),171
453,DAISY DE SANTIAGO,SELTZER,,SODA,171
454,DAISY DE SANTIAGO,YELLOW CHARTREUSE,,LIQUEUR (YELLOW CHARTREUSE),171
455,DAISY DE SANTIAGO,BLENDED LIGHTLY AGED RUM,2,RUM (BLENDED LIGHTLY AGED),171
456,,,,,
457,EL PRESIDENTE,GRENADINE,,SYRUP (GRENADINE),172
458,EL PRESIDENTE,DRY VERMOUTH,,VERMOUTH (DRY),172
459,EL PRESIDENTE,PIERRE FERRAND DRY CURACAO,,LIQUEUR (ORANGE),172
460,EL PRESIDENTE,BLENDED LIGHTLY AGED RUM,2,RUM (BLENDED LIGHTLY AGED),172
461,,,,,
462,TWELVE MILE LIMIT,LEMON JUICE,,JUICE (LEMON),172
463,TWELVE MILE LIMIT,GRENADINE,,SYRUP (GRENADINE),172
464,TWELVE MILE LIMIT,BLENDED LIGHTLY AGED RUM,2,RUM (BLENDED LIGHTLY AGED),172
465,TWELVE MILE LIMIT,RYE,,WHISKEY (RYE),172
466,TWELVE MILE LIMIT,BRANDY,,BRANDY (GRAPE),172
467,,,,,
468,PARISIAN BLONDE,PIERRE FERRAND DRY CURACAO,,LIQUEUR (ORANGE),174
469,PARISIAN BLONDE,BLENDED AGED RUM,3,RUM (BLENDED AGED),174
470,PARISIAN BLONDE,SWEET CREAM,,CREAM (SWEET),174
471,,,,,
472,CORA MIDDLETON,EGG WHITE,,EGG (WHITE),174
473,CORA MIDDLETON,BLENDED AGED RUM,3,RUM (BLENDED AGED),174
474,CORA MIDDLETON,LIME JUICE,,JUICE (LIME),174
475,CORA MIDDLETON,DEMERARA SYRUP,,SYRUP (DEMERARA),174
476,CORA MIDDLETON,SMALL HAND FOODS RASPBERRY GUM SYRUP,,SYRUP (RASPBERRY GUM),174
477,,,,,
478,MILLIONAIRE COCKTAIL NO. 1,LIME JUICE,,JUICE (LIME),175
479,MILLIONAIRE COCKTAIL NO. 1,GRENADINE,,SYRUP (GRENADINE),175
480,MILLIONAIRE COCKTAIL NO. 1,APRICOT LIQUEUR (SUCH AS ROTHMAN & WINTER APRICOT LIQUEUR OR GIFFARD ABRICOT DU ROUSSILLON),,LIQUEUR (APRICOT),175
481,MILLIONAIRE COCKTAIL NO. 1,BLACK POT STILL RUM,,BLACK POT STILL RUM,175
482,MILLIONAIRE COCKTAIL NO. 1,BLENDED AGED RUM,OR 3,RUM (BLENDED AGED),175
483,MILLIONAIRE COCKTAIL NO. 1,SLOE GIN,,GIN (SLOE),175
484,,,,,
485,BATIDA DE MARACUJA E COCO,PASSION FRUIT PUREE,,PUREE (PASSION FRUIT),175
486,BATIDA DE MARACUJA E COCO,COCONUT MILK,,COCONUT MILK,175
487,BATIDA DE MARACUJA E COCO,POT STILL AGED CACHAÇA,,CACHAÇA,175
488,BATIDA DE MARACUJA E COCO,SWEETENED CONDENSED MILK,,SWEETENED CONDENSED MILK,175
489,,,,,
490,WRAY & TING,WRAY & NEPHEW WHITE OVERPROOF RUM,,RUM (WRAY & NEPHEW WHITE OVERPROOF),176
491,WRAY & TING,TING GRAPEFRUIT SODA,,SODA (GRAPEFRUIT (TING)),176
492,,,,,
493,HIBISCUS RUM PUNCH,SELTZER,,SODA,176
494,HIBISCUS RUM PUNCH,LIME JUICE,,JUICE (LIME),176
495,HIBISCUS RUM PUNCH,HIBISCUS LIQUEUR,,LIQUEUR (HIBISCUS),176
496,HIBISCUS RUM PUNCH,DEMERARA SYRUP,,SYRUP (DEMERARA),176
497,HIBISCUS RUM PUNCH,BLENDED AGED RUM (JAMAICA),3,RUM (BLENDED AGED),176
498,,,,,
499,TI' PUNCH / TI' PUNCH VIEUX,MARTINIQUE SUGARCANE SYRUP,,SYRUP (MARTINIQUE SUGARCANE),179
500,TI' PUNCH / TI' PUNCH VIEUX,CANE AOC MARTINIQUE RHUM AGRICOLE BLANC,7,RUM (CANE AOC MARTINIQUE RHUM AGRICOLE),179
501,TI' PUNCH / TI' PUNCH VIEUX,CANE AOC MARTINIQUE RHUM AGRICOLE VIEUX,OR 8,RUM (CANE AOC MARTINIQUE RHUM AGRICOLE VIEUX),179
502,TI' PUNCH / TI' PUNCH VIEUX,LIME SMALL ROUNDED CHUNK,,FRUIT (LIME),179
503,,,,,
504,BARBADOS RUM PUNCH,LIME JUICE,,JUICE (LIME),179
505,BARBADOS RUM PUNCH,DEMERARA SYRUP,,SYRUP (DEMERARA),179
506,BARBADOS RUM PUNCH,BLENDED AGED RUM (BARBADOS),3,RUM (BLENDED AGED),179
507,BARBADOS RUM PUNCH,ANGOSTURA BITTERS,,BITTERS (AROMATIC),179
508,,,,,
509,JAMAICAN MILK PUNCH,WHOLE MILK,,MILK (WHOLE),180
510,JAMAICAN MILK PUNCH,HEAVY WHIPPING CREAM,,CREAM (HEAVY WHIPPING),180
511,JAMAICAN MILK PUNCH,DEMERARA SYRUP,,SYRUP (DEMERARA),180
512,JAMAICAN MILK PUNCH,BLACK BLENDED RUM (JAMAICA),5,RUM (BLACK BLENDED),180
513,JAMAICAN MILK PUNCH,VANILLA EXTRACT,,EXTRACT (VANILLA),180
514,JAMAICAN MILK PUNCH,ANGOSTURA BITTERS,,BITTERS (AROMATIC),180
515,,,,,
516,CORN AND OIL,JOHN D. TAYLOR'S VELVET FALERNUM,,LIQUEUR (FALERNUM),180
517,CORN AND OIL,BLENDED AGED RUM (BARBADOS),3,RUM (BLENDED AGED),180
518,CORN AND OIL,ANGOSTURA BITTERS,,BITTERS (AROMATIC),180
519,,,,,
520,QUEEN'S PARK SWIZZLE,MINT LEAVES,,LEAVES (MINT),181
521,QUEEN'S PARK SWIZZLE,LIME JUICE,,JUICE (LIME),181
522,QUEEN'S PARK SWIZZLE,DEMERARA SYRUP,,SYRUP (DEMERARA),181
523,QUEEN'S PARK SWIZZLE,BLACK BLENDED RUM,5,RUM (BLACK BLENDED),181
524,QUEEN'S PARK SWIZZLE,ANGOSTURA BITTERS,,BITTERS (AROMATIC),181
525,,,,,
526,HOUSE SPICED RUM,BLENDED AGED RUM,3,RUM (BLENDED AGED),193
527,HOUSE SPICED RUM,VANILLA BEAN,,SPICE (VANILLA BEAN),193
528,HOUSE SPICED RUM,STRIP ORANGE PEEL,,FRUIT (ORANGE),193
529,HOUSE SPICED RUM,ALLSPICE BERRIES,,SPICE (ALLSPICE),193
530,HOUSE SPICED RUM,CINNAMON STICK,,SPICE (CINNAMON),193
531,HOUSE SPICED RUM,WHOLE CLOVES,,SPICE (CLOVES),193
532,HOUSE SPICED RUM,GRATED NUTMEG,,SPICE (NUTMEG),193
533,HOUSE SPICED RUM,WHOLE BLACK PEPERCORNS,,SPICE (BLACK PEPERCORNS),193
534,HOUSE SPICED RUM,GINGER,,SPICE (GINGER),193
535,HOUSE SPICED RUM,DEMERARA SYRUP,,SYRUP (DEMERARA),193
536,,,,,
537,THE CHADBURN,TAWNY PORT,,PORT (TAWNY),201
538,THE CHADBURN,PEAR LIQUEUR (SUCH AS MATHILDE POIRE),,LIQUEUR (PEAR),201
539,THE CHADBURN,BLENDED AGED RUM,3,RUM (BLENDED AGED),201
540,THE CHADBURN,BITTERMENS XOCOLATL (CHOCOLATE) MOLE BITTERS,,BITTERS (CHOCOLATE),201
541,,,,,
542,A WISH FOR GRACE,LEMON JUICE,,JUICE (LEMON),201
543,A WISH FOR GRACE,2:1 SIMPLE SYRUP,,SYRUP (RICH SIMPLE),201
544,A WISH FOR GRACE,PIERRE FERRAND DRY CURACAO,,LIQUEUR (ORANGE),201
545,A WISH FOR GRACE,POT STILL LIGHTLY AGED RUM (NEW ENGLAND),1,POT STILL LIGHTLY AGED RUM (NEW ENGLAND),201
546,A WISH FOR GRACE,BLANDY'S 5 YEAR VERDELHO MADEIRA,,MADEIRA,201
547,A WISH FOR GRACE,ANGOSTURA BITTERS,,BITTERS (AROMATIC),201
548,,,,,
549,HOT BUTTERED RUM,HOT BUTTERED RUM BATTER,,HOT BUTTERED RUM BATTER,202
550,HOT BUTTERED RUM,BLENDED AGED RUM,3,RUM (BLENDED AGED),202
551,HOT BUTTERED RUM,WATER HOT,,WATER HOT,202
552,,,,,
553,HOT BUTTERED RUM BATTER,GROUND CINNAMON,,SPICE (CINNAMON),202
554,HOT BUTTERED RUM BATTER,GROUND NUTMEG,,SPICE (NUTMEG),202
555,HOT BUTTERED RUM BATTER,GROUND BLACK PEPPER,,SPICE (BLACK PEPPER),202
556,HOT BUTTERED RUM BATTER,GROUND CLOVES,,SPICE (CLOVES),202
557,HOT BUTTERED RUM BATTER,GROUND ALLSPICE,,SPICE (ALLSPICE),202
558,HOT BUTTERED RUM BATTER,GROUND ANISE SEED,,SPICE (ANISE SEED),202
559,HOT BUTTERED RUM BATTER,SALTED BUTTER,,SALTED BUTTER,202
560,HOT BUTTERED RUM BATTER,PACKED GOLDEN BROWN SUGAR,,PACKED GOLDEN BROWN SUGAR,202
561,HOT BUTTERED RUM BATTER,BRER RABBIT MIL MOLASSES,,MOLASSES,202
562,HOT BUTTERED RUM BATTER,VANILLA EXTRACT,,EXTRACT (VANILLA),202
563,,,,,
564,ABRICOT VIEUX,APRICOT LIQUEUR (SUCH AS ROTHMAN & WINTER APRICOT LIQUEUR OR GIFFARD ABRICOT DU ROUSSILLON),,LIQUEUR (APRICOT),203
565,ABRICOT VIEUX,CANE AOC MARTINIQUE RHUM AGRICOLE VIEUX,8,RUM (CANE AOC MARTINIQUE RHUM AGRICOLE VIEUX),203
566,ABRICOT VIEUX,ANGOSTURA BITTERS,,BITTERS (AROMATIC),203
567,ABRICOT VIEUX,ORANGE BITTERS,,BITTERS (ORANGE),203
568,,,,,
569,PANIOLO OLD-FASHIONED,LI HING MUI SYRUP,,SYRUP (LI HING MUI),203
570,PANIOLO OLD-FASHIONED,BLENDED AGED RUM,3,RUM (BLENDED AGED),203
571,PANIOLO OLD-FASHIONED,ANGOSTURA BITTERS,,BITTERS (AROMATIC),203
572,,,,,
573,PORT ROYAL,LIME JUICE,,JUICE (LIME),204
574,PORT ROYAL,JERK SYRUP,,SYRUP (JERK),204
575,PORT ROYAL,BLENDED LIGHTLY AGED RUM,2,RUM (BLENDED LIGHTLY AGED),204
576,PORT ROYAL,WRAY & NEPHEW WHITE OVERPROOF RUM,,RUM (WRAY & NEPHEW WHITE OVERPROOF),204
577,PORT ROYAL,HELLFIRE TINCTURE,,HELLFIRE TINCTURE,204
578,,,,,
579,KINGSTON PALAKA,LEMON JUICE,,JUICE (LEMON),204
580,KINGSTON PALAKA,LI HING MUI POWDER,,LI HING MUI POWDER,204
581,KINGSTON PALAKA,DRAMBUIE,,LIQUEUR (DRAMBUIE),204
582,KINGSTON PALAKA,BLENDED AGED RUM (JAMAICA),3,RUM (BLENDED AGED),204
583,,,,,
584,DONN DAY AFTERNOON,LIME JUICE,,JUICE (LIME),206
585,DONN DAY AFTERNOON,CINNAMON SYRUP,,SYRUP (CINNAMON),206
586,DONN DAY AFTERNOON,STIEGL-RADLER GRAPEFRUIT BEER,,BEER (GRAPEFRUIT),206
587,DONN DAY AFTERNOON,CANE AOC MARTINIQUE RHUM AGRICOLE BLANC,7,RUM (CANE AOC MARTINIQUE RHUM AGRICOLE),206
588,,,,,
589,BAIE DU GALION,GREEN CHARTREUSE,,LIQUEUR (CHARTREUSE GREEN),206
590,BAIE DU GALION,DRAMBUIE,,LIQUEUR (DRAMBUIE),206
591,BAIE DU GALION,CANE AOC MARTINIQUE RHUM AGRICOLE BLANC,7,RUM (CANE AOC MARTINIQUE RHUM AGRICOLE),206
592,,,,,
593,AGRICOLE GUAVA COOLER,BUNDABERG GUAVA SODA,,SODA (GUAVA),209
594,AGRICOLE GUAVA COOLER,LIME JUICE,,JUICE (LIME),209
595,AGRICOLE GUAVA COOLER,LICOR 43 SPICED LIQUEUR,,LIQUEUR (LICOR 43),209
596,AGRICOLE GUAVA COOLER,CANE AOC MARTINIQUE RHUM AGRICOLE BLANC,7,RUM (CANE AOC MARTINIQUE RHUM AGRICOLE),209
597,AGRICOLE GUAVA COOLER,ANGOSTURA BITTERS,,BITTERS (AROMATIC),209
598,,,,,
599,RICHARD SEALEBACH,PIERRE FERRAND DRY CURACAO,,LIQUEUR (ORANGE),209
600,RICHARD SEALEBACH,R.L. SEALE 10 YEAR RUM,,RUM (R.L. SEALE 10 YEAR),209
601,RICHARD SEALEBACH,ANGOSTURA BITTERS,,BITTERS (AROMATIC),209
602,RICHARD SEALEBACH,PEYCHAUD'S,,BITTERS (CREOLE),209
603,RICHARD SEALEBACH,CHAMPAGNE,,WINE (SPARKLING) (CHAMPAGNE),209
604,,,,,
605,COSA NOSTRA #2,LEMON JUICE,,JUICE (LEMON),210
606,COSA NOSTRA #2,AMARO AVERNA,,AMARO (AVERNA),210
607,COSA NOSTRA #2,BLENDED LIGHTLY AGED RUM,2,RUM (BLENDED LIGHTLY AGED),210
608,COSA NOSTRA #2,ANGOSTURA BITTERS,,BITTERS (AROMATIC),210
609,COSA NOSTRA #2,GINGER ALE,,SODA (GINGER),210
610,,,,,
611,SPONTANEOUS RUMBUSTION,LEMON JUICE,,JUICE (LEMON),210
612,SPONTANEOUS RUMBUSTION,HONEY SYRUP,,SYRUP (HONEY),210
613,SPONTANEOUS RUMBUSTION,BLACK BLENDED OVERPROOF RUM,6,RUM (BLACK BLENDED OVERPROOF),210
614,SPONTANEOUS RUMBUSTION,POT STILL LIGHTLY AGED RUM (OVERPROOF),1,POT STILL LIGHTLY AGED RUM (OVERPROOF),210
615,SPONTANEOUS RUMBUSTION,BOILING WATER,,WATER BOILING,210
616,,,,,
617,BOO LOO,(1-INCH-SQUARE) CHUNKS PINEAPPLE ,,FRUIT (PINEAPPLE),249
618,BOO LOO,PINEAPPLE JUICE,,JUICE (PINEAPPLE),249
619,BOO LOO,LIME JUICE,,JUICE (LIME),249
620,BOO LOO,HONEY SYRUP,,SYRUP (HONEY),249
621,BOO LOO,BLENDED AGED RUM,3,RUM (BLENDED AGED),249
622,BOO LOO,COLUMN STILL AGED RUM,4,RUM (COLUMN STILL AGED),249
623,BOO LOO,BLACK BLENDED RUM,5,RUM (BLACK BLENDED),249
624,BOO LOO,BLACK BLENDED OVERPROOF RUM,6,RUM (BLACK BLENDED OVERPROOF),249
625,BOO LOO,SELTZER,,SODA,249
626,,,,,
627,CARIBEÑO,COCONUT WATER,,COCONUT WATER,249
628,CARIBEÑO,DEMERARA SYRUP,,SYRUP (DEMERARA),249
629,CARIBEÑO,COLUMN STILL LIGHTLY AGED RUM,,RUM (COLUMN STILL LIGHTLY AGED),249
630,CARIBEÑO,LONDON DRY GIN,OR,GIN (LONDON DRY),249
631,,,,,
632,MONK'S RESPITE,COCONUT WATER,,COCONUT WATER,251
633,MONK'S RESPITE,LEMON JUICE,,JUICE (LEMON),251
634,MONK'S RESPITE,HONEY SYRUP,,SYRUP (HONEY),251
635,MONK'S RESPITE,YELLOW CHARTREUSE,,LIQUEUR (YELLOW CHARTREUSE),251
636,MONK'S RESPITE,BROKER'S GIN,,GIN (BROKER'S),251
637,MONK'S RESPITE,SELTZER,,SODA,251
638,MONK'S RESPITE,ORANGE BITTERS,,BITTERS (ORANGE),251
639,,,,,
640,THE MASTADON,PINEAPPLE JUICE,,JUICE (PINEAPPLE),251
641,THE MASTADON,LIME JUICE,,JUICE (LIME),251
642,THE MASTADON,PASSION FRUIT PUREE,,PUREE (PASSION FRUIT),251
643,THE MASTADON,LICOR 43,,LIQUEUR (LICOR 43),251
644,THE MASTADON,MARASCHINO LIQUEUR,,LIQUEUR (MARASCHINO),251
645,THE MASTADON,BLENDED AGED RUM,3,RUM (BLENDED AGED),251
646,THE MASTADON,BOURBON,,WHISKEY (BOURBON),251
647,THE MASTADON,PEYCHAUD'S BITTERS,,BITTERS (CREOLE),251
648,,,,,
649,PIÑATA,PINEAPPLE JUICE,,JUICE (PINEAPPLE),252
650,PIÑATA,LEMON JUICE,,JUICE (LEMON),252
651,PIÑATA,DEMERARA SYRUP,,SYRUP (DEMERARA),252
652,PIÑATA,GINGER LIQUEUR,,LIQUEUR (GINGER),252
653,PIÑATA,ST. ELIZABETH ALLSPICE DRAM,,LIQUEUR (ALLSPICE DRAM),252
654,PIÑATA,BLACK BLENDED RUM,5,RUM (BLACK BLENDED),252
655,PIÑATA,BLENDED LIGHTLY AGED RUM,2,RUM (BLENDED LIGHTLY AGED),252
656,,,,,
657,BUMBOAT,PINEAPPLE JUICE,,JUICE (PINEAPPLE),252
658,BUMBOAT,LEMON JUICE,,JUICE (LEMON),252
659,BUMBOAT,CINNAMON SYRUP,,SYRUP (CINNAMON),252
660,BUMBOAT,RYE,,WHISKEY (RYE),252
661,BUMBOAT,BLENDED LIGHTLY AGED RUM,2,RUM (BLENDED LIGHTLY AGED),252
662,BUMBOAT,ALMOND EXTRACT,,EXTRACT (ALMOND),252
663,BUMBOAT,BITTERMENS 'ELEMAKULE TIKI BITTERS,,BITTERS (TIKI),252
664,BUMBOAT,BLACK BLENDED OVERPROOF RUM,6,RUM (BLACK BLENDED OVERPROOF),252
665,,,,,
666,PLANTER'S PUNCH,LIME JUICE,,JUICE (LIME),258
667,PLANTER'S PUNCH,DEMERARA SYRUP,,SYRUP (DEMERARA),258
668,PLANTER'S PUNCH,ST. ELIZABETH ALLSPICE DRAM,,LIQUEUR (ALLSPICE DRAM),258
669,PLANTER'S PUNCH,BLENDED AGED RUM (JAMAICA),3,RUM (BLENDED AGED),258
670,PLANTER'S PUNCH,ANGOSTURA BITTERS,,BITTERS (AROMATIC),258
671,,,,,
672,MAI TAI,LIME JUICE,,JUICE (LIME),261
673,MAI TAI,MAI TAI RICH SIMPLE SYRUP,,SYRUP (MAI TAI RICH SIMPLE),261
674,MAI TAI,ORGEAT,,SYRUP (ALMOND),261
675,MAI TAI,PIERRE FERRAND DRY CURACAO,,LIQUEUR (ORANGE),261
676,MAI TAI,BLENDED AGED RUM,3,RUM (BLENDED AGED),261
677,,,,,
678,DOCTOR FUNK,LEMON JUICE,,JUICE (LEMON),266
679,DOCTOR FUNK,GRENADINE,,SYRUP (GRENADINE),266
680,DOCTOR FUNK,LIME JUICE,,JUICE (LIME),266
681,DOCTOR FUNK,DEMERARA SIMPLE SYRUP,,SYRUP (DEMERARA),266
682,DOCTOR FUNK,HERBSAINT,,ABSINTHE (HERBSAINT),266
683,DOCTOR FUNK,BLACK POT STILL UNAGED RUM,,RUM (BLACK POT STILL UNAGED),266
684,DOCTOR FUNK,SELTZER,,SODA,266
685,,,,,
686,ZOMBIE,LIME JUICE,,JUICE (LIME),268
687,ZOMBIE,GRAPEFRUIT JUICE,,JUICE (GRAPEFRUIT),268
688,ZOMBIE,CINNAMON SYRUP,,SYRUP (CINNAMON),268
689,ZOMBIE,GRENADINE,,SYRUP (GRENADINE),268
690,ZOMBIE,JOHN D. TAYLOR'S VELVET FALERNUM,,LIQUEUR (FALERNUM),268
691,ZOMBIE,BLENDED AGED RUM,3,RUM (BLENDED AGED),268
692,ZOMBIE,COLUMN STILL AGED RUM,4,RUM (COLUMN STILL AGED),268
693,ZOMBIE,BLACK BLENDED OVERPROOF RUM,6,RUM (BLACK BLENDED OVERPROOF),268
694,ZOMBIE,HERBSTURA,,BITTERS (HERBSTURA),268
695,,,,,
696,NAVY GROG,LIME JUICE,,JUICE (LIME),271
697,NAVY GROG,GRAPEFRUIT JUICE,,JUICE (GRAPEFRUIT),271
698,NAVY GROG,DEMERARA SYRUP,,SYRUP (DEMERARA),271
699,NAVY GROG,ST. ELIZABETH ALLSPICE DRAM,,LIQUEUR (ALLSPICE DRAM),271
700,NAVY GROG,POT STILL LIGHTLY AGED RUM (OVERPROOF),1,POT STILL LIGHTLY AGED RUM (OVERPROOF),271
701,NAVY GROG,BLENDED LIGHTLY AGED RUM,2,RUM (BLENDED LIGHTLY AGED),271
702,NAVY GROG,COLUMN STILL AGED RUM,4,RUM (COLUMN STILL AGED),271
703,,,,,
704,SCORPION,LIME JUICE,,JUICE (LIME),272
705,SCORPION,ORANGE JUICE,,JUICE (ORANGE),272
706,SCORPION,DEMERARA SYRUP,,SYRUP (DEMERARA),272
707,SCORPION,ORGEAT,,SYRUP (ALMOND),272
708,SCORPION,BRANDY,,BRANDY (GRAPE),272
709,SCORPION,LONDON DRY GIN,,GIN (LONDON DRY),272
710,SCORPION,BLENDED LIGHTLY AGED RUM,2,RUM (BLENDED LIGHTLY AGED),272
711,,,,,
712,FOG CUTTER,LEMON JUICE,,JUICE (LEMON),275
713,FOG CUTTER,ORANGE JUICE,,JUICE (ORANGE),275
714,FOG CUTTER,ORGEAT,,SYRUP (ALMOND),275
715,FOG CUTTER,PISCO,,BRANDY (PISCO),275
716,FOG CUTTER,GIN,,GIN,275
717,FOG CUTTER,BLENDED LIGHTLY AGED RUM,2,RUM (BLENDED LIGHTLY AGED),275
718,FOG CUTTER,SHERRY OLOROSO,,SHERRY (OLOROSO),275
719,,,,,
720,SINGAPORE SLING,SELTZER,,SODA,276
721,SINGAPORE SLING,LEMON JUICE,,JUICE (LEMON),276
722,SINGAPORE SLING,DEMERARA SYRUP,,SYRUP (DEMERARA),276
723,SINGAPORE SLING,CHERRY HEERING LIQUEUR,,LIQUEUR (CHERRY HEERING),276
724,SINGAPORE SLING,BENEDICTINE,,LIQUEUR (BENEDICTINE),276
725,SINGAPORE SLING,LONDON DRY GIN,,GIN (LONDON DRY),276
726,SINGAPORE SLING,ANGOSTURA BITTERS,,BITTERS (AROMATIC),276
727,SINGAPORE SLING,ORANGE BITTERS,,BITTERS (ORANGE),276
728,,,,,
729,HONDO HATTIE'S JUNGLE PUNCH!,LEMON JUICE,,JUICE (LEMON),311
730,HONDO HATTIE'S JUNGLE PUNCH!,HONEY SYRUP,,SYRUP (HONEY),311
731,HONDO HATTIE'S JUNGLE PUNCH!,BLUE CURACAO,,LIQUEUR (ORANGE BLUE),311
732,HONDO HATTIE'S JUNGLE PUNCH!,TAWNY PORT,,PORT (TAWNY),311
733,HONDO HATTIE'S JUNGLE PUNCH!,JOHN D. TAYLOR'S VELVET FALERNUM,,LIQUEUR (FALERNUM),311
734,HONDO HATTIE'S JUNGLE PUNCH!,PEAR LIQUEUR (SUCH AS MATHILDE POIRE),,LIQUEUR (PEAR),311
735,HONDO HATTIE'S JUNGLE PUNCH!,BLENDED AGED RUM,3,RUM (BLENDED AGED),311
736,HONDO HATTIE'S JUNGLE PUNCH!,ANGOSTURA BITTERS,,BITTERS (AROMATIC),311
737,,,,,
738,KAHIKO PUNCH,LEMON JUICE,,JUICE (LEMON),311
739,KAHIKO PUNCH,PASSION FRUIT HONEY,,SYRUP (PASSION FRUIT HONEY),311
740,KAHIKO PUNCH,CINNAMON SYRUP,,SYRUP (CINNAMON),311
741,KAHIKO PUNCH,HIBISCUS LIQUEUR,,LIQUEUR (HIBISCUS),311
742,KAHIKO PUNCH,POT STILL UNAGED RUM,,RUM (POT STILL UNAGED),311
743,KAHIKO PUNCH,BITTERMENS 'ELEMAKULE TIKI BITTERS,,BITTERS (TIKI),311
744,,,,,
745,TRIUMVIRATE PUNCH,LIME JUICE,,JUICE (LIME),312
746,TRIUMVIRATE PUNCH,PASSION FRUIT HONEY,,SYRUP (PASSION FRUIT HONEY),312
747,TRIUMVIRATE PUNCH,ST. ELIZABETH ALLSPICE DRAM,,LIQUEUR (ALLSPICE DRAM),312
748,TRIUMVIRATE PUNCH,POT STILL UNAGED RUM,,RUM (POT STILL UNAGED),312
749,TRIUMVIRATE PUNCH,ANGOSTURA BITTERS,,BITTERS (AROMATIC),312
750,TRIUMVIRATE PUNCH,GRATED NUTMEG,,SPICE (NUTMEG),312
751,,,,,
752,EUREKA PUNCH,LEMON JUICE,,JUICE (LEMON),312
753,EUREKA PUNCH,HONEY SYRUP,,SYRUP (HONEY),312
754,EUREKA PUNCH,YELLOW CHARTREUSE,,LIQUEUR (YELLOW CHARTREUSE),312
755,EUREKA PUNCH,COLUMN STILL AGED RUM,4,RUM (COLUMN STILL AGED),312
756,EUREKA PUNCH,ANGOSTURA BITTERS,,BITTERS (AROMATIC),312
757,EUREKA PUNCH,GINGER ALE,,SODA (GINGER),312
758,,,,,
759,YULETIDAL WAVE,PINEAPPLE JUICE,,JUICE (PINEAPPLE),313
760,YULETIDAL WAVE,LEMON JUICE,,JUICE (LEMON),313
761,YULETIDAL WAVE,PEAR LIQUEUR (SUCH AS MATHILDE POIRE),,LIQUEUR (PEAR),313
762,YULETIDAL WAVE,LICOR 43,,LIQUEUR (LICOR 43),313
763,YULETIDAL WAVE,ST. ELIZABETH ALLSPICE DRAM,,LIQUEUR (ALLSPICE DRAM),313
764,YULETIDAL WAVE,BRANDY,,BRANDY (GRAPE),313
765,YULETIDAL WAVE,BOURBON,,WHISKEY (BOURBON),313
766,YULETIDAL WAVE,COLUMN STILL AGED RUM,4,RUM (COLUMN STILL AGED),313
767,,,,,
768,RUMBUSTION PUNCH,LIME JUICE,,JUICE (LIME),313
769,RUMBUSTION PUNCH,DEMERARA SYRUP,,SYRUP (DEMERARA),313
770,RUMBUSTION PUNCH,CINNAMON SYRUP,,SYRUP (CINNAMON),313
771,RUMBUSTION PUNCH,BLENDED AGED RUM,3,RUM (BLENDED AGED),313
772,RUMBUSTION PUNCH,BLENDED LIGHTLY AGED RUM,2,RUM (BLENDED LIGHTLY AGED),313
773,RUMBUSTION PUNCH,HERBSTURA,,BITTERS (HERBSTURA),313
774,,,,,
775,PUKA PUNCH,LIME JUICE,,JUICE (LIME),318
776,PUKA PUNCH,ORANGE JUICE,,JUICE (ORANGE),318
777,PUKA PUNCH,PINEAPPLE JUICE,,JUICE (PINEAPPLE),318
778,PUKA PUNCH,HONEY SYRUP,,SYRUP (HONEY),318
779,PUKA PUNCH,PASSION FRUIT SYRUP,,SYRUP (PASSION FRUIT),318
780,PUKA PUNCH,JOHN D. TAYLOR'S VELVET FALERNUM,,LIQUEUR (FALERNUM),318
781,PUKA PUNCH,BLENDED AGED RUM,3,RUM (BLENDED AGED),318
782,PUKA PUNCH,BLENDED LIGHTLY AGED RUM,2,RUM (BLENDED LIGHTLY AGED),318
783,PUKA PUNCH,BLACK BLENDED RUM,5,RUM (BLACK BLENDED),318
784,PUKA PUNCH,ANGOSTURA BITTERS,,BITTERS (AROMATIC),318
785,PUKA PUNCH,BLACK BLENDED OVERPROOF RUM,6,RUM (BLACK BLENDED OVERPROOF),318